Nome|Estilo|Cervejaria|IBU|ABV|Horario
COFFEE & PANCAKE BRUNCH STOUT|Russian Imperial Stout| 5 Elementos, Fortaleza - CE| NI IBU |12% ABV |
ABYSSAL #SBB2018 [EXCLUSIVA #SBB2018 ♥]|Russian Imperial Stout|| NI IBU |12% ABV |Horário de Abertura: às 16h:15min
RESERVE 2018|Russian Imperial Stout| 5 Elementos, Fortaleza - CE| 100 IBU |12% ABV |
COCONUT & PANCAKE BRUNCH STOUT [LANÇAMENTO!! ♥]|Russian Imperial Stout|| NI IBU |12% ABV |Horário de Abertura: às 12h:00min
ABYSSAL|Russian Imperial Stout| 5 Elementos, Fortaleza - CE| NI IBU |12% ABV |
QUINTAL MORANGO COM HIBISCO|Sour| Antuérpia, Juiz de Fora - MG| 6 IBU |4.5% ABV |
ANTUÉRPIA RED ALE|Irish Red Ale| Antuérpia, Juiz de Fora - MG| 17 IBU |4.9% ABV |
PERDIÇÃO [SPECIAL SELECTION!! ♥]|New England IPA| Antuérpia, Juiz de Fora - MG| 60 IBU |6.5% ABV |
TABLA|American IPA| Antuérpia, Juiz de Fora - MG| 66 IBU |6.5% ABV |
ANTUÉRPIA BELGIAN TRIPEL|Belgian Tripel| Antuérpia, Juiz de Fora - MG| 35 IBU |7.8% ABV |
KREMLIN |Russian Imperial Stout| Antuérpia, Juiz de Fora - MG| 62 IBU |11% ABV |
FRUIT BEER COM PÊSSEGO MANGA HIBISCO ANIS [LANÇAMENTO!! ♥]|Fruit Beer|| 31 IBU |5.1% ABV |Horário de Abertura: às 12h:45min
AV 42 BALTIC PORTER AMORA E FRAMBOESA|Baltic Porter| Avenida 42, Araraquara - SP| 42 IBU |6.7% ABV |
BLOOD IPA |American IPA com Toranja| Avenida 42, Araraquara - SP| 55 IBU |7.5% ABV |
AV 42 IMPERIAL IPA|Imperial IPA| Avenida 42, Araraquara - SP| 100 IBU |7.5% ABV |
BARLEY WINE COM DAMASCO [LANÇAMENTO!! ♥]|Oak Aged American Barley Wine|| 86 IBU |8.0% ABV |Horário de Abertura: às 15h:15min
AV 42 DOUBLE RYE IPA|Double Rye IPA| Avenida 42, Araraquara - SP| 110 IBU |9.0% ABV |
VÓ MARIA ZEN|Hoppy Lager| Avós, São Paulo - SP| 18 IBU |4.9% ABV |
TMAVÉ DA MANTIQUEIRA [LANÇAMENTO!! ♥]|Tmave|| IBU |5.0% ABV |Horário de Abertura: às 12h:00min
GRAMMA'S JUICE [LANÇAMENTO!! ♥]|India Pale Lager com limão siciliano|| 40 IBU |5.5% ABV |Horário de Abertura: às 16h:00min
VÉIA VIAJA 2|New England India Pale Lager| Avós, São Paulo - SP| 55 IBU |6.0% ABV |
BOHEMIAN PILSNER COM LARANJA|Bohemian Pilsner| Avós, São Paulo - SP| IBU |6.0% ABV |
VÓ MARIA IN CONCERT|India Pale Lager| Avós, São Paulo - SP| 50 IBU |6.0% ABV |
VÓ JOAQUINA COM MORANGO [LANÇAMENTO!! ♥]|Double India Pale Lager|| 80 IBU |8.0% ABV |Horário de Abertura: às 15h:15min
CORLEONE |Imperial Red Ale| Backer, Belo Horizonte -MG| 62 IBU |7.7% ABV |
TOMMY GUN |Double IPA| Backer, Belo Horizonte -MG| 68 IBU |8.4% ABV |
BRAVO|Imperial Porter| Backer, Belo Horizonte -MG| 42 IBU |9.0% ABV |
VOTORANTINNER SAUER|Berliner Weisse| Bamberg, Votorantim -SP| 8 IBU |3.5% ABV |
BAMBERG PILSEN|Pilsner| Bamberg, Votorantim -SP| NI IBU |4.8% ABV |
BAMBERG ALTBIER|Altbier| Bamberg, Votorantim -SP| NI IBU |4.8% ABV |
SEPULTURA ALE|Altbier| Bamberg, Votorantim -SP| NI IBU |4.8% ABV |
CAMILA CAMILA|Czech Pilsner| Bamberg, Votorantim -SP| NI IBU |5.0% ABV |
BAMBERG WEIZEN COM GENGIBRE [EXCLUSIVA #SBB2018 ♥]|Weizen|| IBU |5.0% ABV |Horário de Abertura: às 12h:00min
RAUCHBIER HABANERO [EXCLUSIVA #SBB2018 ♥]|Rauchbier + Pimenta Habanero|| NI IBU |5.2% ABV |Horário de Abertura: às 14h:30min
BAMBERG WEIZENBOCK DUNKEL + UMBURANA [EXCLUSIVA #SBB2018 ♥]|Weizenbock Dunkel|| NI IBU |8.2% ABV |Horário de Abertura: às 14h:30min
[LANÇAMENTO!! ♥] |Surpresa!|| NI IBU |NI ABV |Horário de Abertura: às 15h:40min
[LANÇAMENTO!! ♥] |Surpresa!|| NI IBU |NI ABV |Horário de Abertura: às 14h:10min
SERRA SAUER|Catharina Sour com Açaí| Black Princess, Teresópolis-RJ| NI IBU |NI ABV |
BLACK PRINCESS GOLD|American Lager| Black Princess, Teresópolis-RJ| 12 IBU |4.7% ABV |
BLACK PRINCESS DARK|American Dark Lager| Black Princess, Teresópolis-RJ| 12 IBU |4.8% ABV |
DOCTOR WEISS| Kristall Weizen| Black Princess, Teresópolis-RJ| 16 IBU |5.2% ABV |
MISS BLOND|Blond Ale| Black Princess, Teresópolis-RJ| 22 IBU |5.2% ABV |
BACK TO THE RED|Red Lager| Black Princess, Teresópolis-RJ| 18 IBU |5.5% ABV |
LET'S HOP|English IPA| Black Princess, Teresópolis-RJ| 46 IBU |5.5% ABV |
CACAU IPA|American IPA| Bodebrown, Curitiba - PR| 74 IBU |6.1% ABV |
BRUT IPA GALAXY|Brut IPA| Bodebrown, Curitiba - PR| IBU |6.5% ABV |
REGINA SOUR|Berliner Weisse| Bodebrown, Curitiba - PR| NI IBU |6.6% ABV |
PERIGOSA|Double IPA| Bodebrown, Curitiba - PR| 100 IBU |9.2% ABV |
4 BLés au Cognac [LANÇAMENTO!! ♥]|Belgian Specialty Ale|| IBU |11.7% ABV |Horário de Abertura: às 15h:45min
CHILLI PEPIS|Pepper American Lager| Brassaria Ampolis, Rio de Janeiro - RJ| NI IBU |4.1% ABV |
DITRIGUIS|Witbier| Brassaria Ampolis, Rio de Janeiro - RJ| 20 IBU |4.5% ABV |
CACILDIS|Amber Lager| Brassaria Ampolis, Rio de Janeiro - RJ| 13 IBU |4.6% ABV |
FORÉVIS|Session IPA| Brassaria Ampolis, Rio de Janeiro - RJ| 46 IBU |5.0% ABV |
PUNK IPA|American IPA| Brew Dog, Ellon - Escócia| 35 IBU |5.6% ABV |
ELVIS JUICE|American IPA| Brew Dog, Ellon - Escócia| 40 IBU |6.5% ABV |
CAPITU YOU GLUTEN - FREE|Glúten Free| Capitu, São Paulo - SP | 12 IBU |3.4% ABV |
DIADORIM GLUTEN - FREE|Glúten Free| Capitu, São Paulo - SP | 18 IBU |5.3% ABV |
CAPITU AMBER ALE|American Amber Ale| Capitu, São Paulo - SP | 28 IBU |6.2% ABV |
MACUNAIPA|American IPA| Capitu, São Paulo - SP | 65 IBU |7.0% ABV |
GINGER PALE ALE|American Pale Ale com Gengibre| Caravan Beer, São Paulo - SP| 35 IBU |5.2% ABV |
BELLINI BRETT IPA [LANÇAMENTO!! ♥]|Brut IPA com pêssego e brettanomyces || 15 IBU |6.0% ABV |Horário de Abertura: às 13h:15min
CARAVAN WEST COAST IPA|West Coast IPA| Caravan Beer, São Paulo - SP| 70 IBU |7.1% ABV |
W.O.T.'S UP CARAVAN? [LANÇAMENTO!! ♥]|Russian Imperial Stout|| IBU |9.6% ABV |Horário de Abertura: às 15h:00min
CEVADA RED ALE|Irish Red Ale| Cevada Pura, Piracicaba - SP| 28 IBU |4.5% ABV |
SESSION TROPICAL IPA|India Session Ale| Cevada Pura, Piracicaba - SP| 40 IBU |4.8% ABV |
CEVADA NEW ENGLAND IPA [LANÇAMENTO!! ♥]|New England IPA|| 75 IBU |6.5% ABV |Horário de Abertura: às 13h:00min
CEVADA BELGIAN TRIPEL|Belgian Tripel| Cevada Pura, Piracicaba - SP| 30 IBU |7.5% ABV |
MADEIRAS DO BRASIL : AMBURANA|Amber Ale| Cia de Brassagem Brasil, São Paulo - SP| 23 IBU |4.5% ABV |
SENTIMENTOS DE BRASILIDADE|Catharina Sour com Cupuaçu| Cia de Brassagem Brasil, São Paulo - SP| 6 IBU |5.5% ABV |
ELEFANTE COR-DE-ROSA|Belgian IPA| Cia de Brassagem Brasil, São Paulo - SP| 74 IBU |7.1% ABV |
NEW PARÁ AIPIEI [EXCLUSIVA #SBB2018 ♥] #CERVEJAOFICIAL|NEIPA com Cupuaçu|| 45 IBU |6.5% ABV |Horário de Abertura: às 12h:00min
CORUJA VIVA|Pale Lager| Coruja, Forquilhinha -SC| 15 IBU |4.5% ABV |
CORUJA WEIZEN VIVA|Weizen| Coruja, Forquilhinha -SC| 18 IBU |5.5% ABV |
CORUJA EXTRA VIVA|Pale Lager| Coruja, Forquilhinha -SC| 25 IBU |6.5% ABV |
CORUJA IPA VIVA|American IPA| Coruja, Forquilhinha -SC| 58 IBU |6.7% ABV |
PEDRAS DE ANGRA [LANÇAMENTO!! ♥]|Belgian Style Lambic|| 09 IBU |3.5% ABV |Horário de Abertura: às 14h:45min
WILD ALE COM PITANGA [LANÇAMENTO!! ♥]|Wild Ale|| IBU |3.5% ABV |Horário de Abertura: Torneiras Giratórias
NOVEMBRADA|Catharina Sour com capim limão e graviola| Cozalinda, Florianópolis -SC| IBU |4.5% ABV |
WILD ALE COM FRAMBOESAS [LANÇAMENTO!! ♥]|Wild Ale|| IBU |5.0% ABV |Horário de Abertura: Torneiras Giratórias
ROSÉ DE VEROLME [LANÇAMENTO!! ♥]|Mixed Culture Brett Beer com Framboesas|| IBU |5.0% ABV |Horário de Abertura: às 14h:45min
MACACADA 2018|Wild Ale com Amora| Cozalinda, Florianópolis -SC| IBU |6.0% ABV |
PRAIA DO MEIO|Fermentação Mista| Cozalinda, Florianópolis -SC| IBU |6.4% ABV |
TWINN CIRCLES|Sour Ale com Cajá e infusão de Carvalho Francês| Croma Beer, São Paulo - SP| 8 IBU |3.9% ABV |
MIXIRICA|New England APA| Croma Beer, São Paulo - SP| 35 IBU |5.5% ABV |
BLOCKHEADS|New England IPA Experimental| Croma Beer, São Paulo - SP| 40 IBU |7.0% ABV |
GREEN FORCE #4 CENTENNIAL|New England IPA Single Hop| Croma Beer, São Paulo - SP| 45 IBU |7.2% ABV |
FLOWER TRIP|West Coast IPA| Croma Beer, São Paulo - SP| 80 IBU |8.5% ABV |
MONKEY NIGHT COCO EDITION [LANÇAMENTO!! ♥]|Russian Imperial Stout || 80 IBU |10% ABV |Horário de Abertura: às 15h:15min
PURPLE SOUR [LANÇAMENTO!! ♥]|Berliner Weisse com Jabuticaba e Mirtilo|| 5 IBU |3.7% ABV |Horário de Abertura: às 14h:45min
DOUBLE PINK LEMONADE|American Sour| Dádiva, Várzea Paulista - SP| IBU |4.4% ABV |
SUDDEN LIFE|New England IPA| Dádiva, Várzea Paulista - SP| 45 IBU |5.6% ABV |
HOPPY LAGER|Hoppy Lager| Dádiva, Várzea Paulista - SP| IBU |6.5% ABV |
HEART BEAT 2|Double IPA| Dádiva, Várzea Paulista - SP| 70 IBU |8.1% ABV |
BIOMA [LANÇAMENTO!! ♥]|Russian Imperial Stout|| 40 IBU |10.5% ABV |Horário de Abertura: às 12h:00min
DAMA SOUR FRUIT |Sour Ale| Dama Bier, Piracicaba - SP| 6 IBU |4.0% ABV |
DAMA AMERICAN LAGER - DRY HOP CITRA|American Lager| Dama Bier, Piracicaba - SP| 25 IBU |4.5% ABV |
NEW FLOWERS ROSA [LANÇAMENTO!! ♥]|Brut IPA|| 20 IBU |6.0% ABV |Horário de Abertura: às 13h:45min
NEW FLOWERS JASMIM|Juicy IPA com Manga| Dama Bier, Piracicaba - SP| 35 IBU |6.0% ABV |
DAMA YOUNG |American IPA| Dama Bier, Piracicaba - SP| 65 IBU |6.5% ABV |
MININE|India Session Ale| Daoravida, Campinas - SP| 40 IBU |5.0% ABV |
COMMONZINHA|California Commom| Daoravida, Campinas - SP| 23 IBU |5.1% ABV |
AKAYA|Brazilian Juicy IPA| Daoravida, Campinas - SP| 60 IBU |6.5% ABV |
{78} BLACK COFFEE EDITION|India Black Ale com Café| Daoravida, Campinas - SP| IBU |7.8% ABV |
{78} IPA|American IPA | Daoravida, Campinas - SP| 78 IBU |7.8% ABV |
{78} IBA|India Black Ale| Daoravida, Campinas - SP| 78 IBU |7.8% ABV |
LABIRINTITE|Belgian Tripel| Daoravida, Campinas - SP| 23 IBU |8.5% ABV |
BLACK WINE RUM [SPECIAL SELECTION!! ♥]|Barley Wine|| 50 IBU |10.5% ABV |Horário de Abertura: às 16h:15min
BRUGSE ZOT|Blond Ale| De Halve Maan, Bruges - Bélgica| 23 IBU |6.0% ABV |
BRUGSE ZOT DUBBEL|Belgian Dubbel| De Halve Maan, Bruges - Bélgica| 27 IBU |7.5% ABV |
STRAFFE HENDRIK TRIPEL |Belgian Tripel| De Halve Maan, Bruges - Bélgica| 35 IBU |9.0% ABV |
STRAFFE HENDRIK QUADRUPEL|Quadrupel| De Halve Maan, Bruges - Bélgica| 35 IBU |11% ABV |
DYNAMIC DISTORTION [LANÇAMENTO!! ♥]|Double IPA|| IBU |8.0% ABV |Horário de Abertura: às 12h:00min
MAGNUM OPUS|Double IPA| Dogma, São Paulo - SP| IBU |9.0% ABV |
CAKE|Russian Imperial Stout| Dogma, São Paulo - SP| IBU |9.6% ABV |
DUTCH GRANNY BREAKFAST|Russian Imperial Stout| Dogma, São Paulo - SP| IBU |9.8% ABV |
ENJOY THE SPRING|New England IPA| Everbrew, Santos - SP| 50 IBU |6.3% ABV |
EVERMONT 2|New England IPA| Everbrew, Santos - SP| 70 IBU |7.4% ABV |
EVERBLEND|New England IPA| Everbrew, Santos - SP| 70 IBU |7.5% ABV |
EVEN MO EVER MAIS [LANÇAMENTO!! ♥]|Double New England IPA|| 70 IBU |8.7% ABV |Horário de Abertura: às 14h:15min
EVERMEX|Double American Stout| Everbrew, Santos - SP| 70 IBU |11% ABV |
ÉL MAGRITO LARANJÓN [LANÇAMENTO!! ♥]|Sour Ale|| 27 IBU |5.0% ABV |Horário de Abertura: às 14h:00min
RUMPEL TRIP USA|American IPA| Freaktion, São Paulo - SP| 65 IBU |6.0% ABV |
RUMPELSTILTSKIN|American IPA | Freaktion, São Paulo - SP| 50 IBU |6.3% ABV |
RUMPEL TRIP CND [LANÇAMENTO!! ♥]|American IPA com Blueberry e Maple|| 65 IBU |7.0% ABV |Horário de Abertura: às 13h:15min
LONDON PRIDE|English Biiter| Fuller's, Londres - Inglaterra| NI IBU |4.1% ABV |
FULLER'S & FRIENDS GALLEON [SPECIAL SELECTION!! ♥]|Pale Lager|| NI IBU |4.8% ABV |Horário de Abertura: às 14h:15min
FULLER'S ESB|Extra Special Bitter| Fuller's, Londres - Inglaterra| 40 IBU |5.5% ABV |
FULLER'S BLACK IPA|Black IPA| Fuller's, Londres - Inglaterra| NI IBU |5.7% ABV |
FULLER'S & FRIENDS FLORA & THE GRIFFIN [SPECIAL SELECTION!! ♥]|Rye Beer|| 35 IBU |7.1% ABV |Horário de Abertura: às 14h:15min
SESSION IPA YELLOW SUB|Session IPA| FürstBier, Formiga - MG| 25 IBU |4.0% ABV |
FÜRST CATHARINA SOUR ACEROLA [LANÇAMENTO!! ♥]|Catharina Sour com Acerola|| 10 IBU |4.1% ABV |Horário de Abertura: às 12h:30min
FÜRST HOP LAGER [LANÇAMENTO!! ♥]|India Pale Lager|| 13 IBU |4.8% ABV |Horário de Abertura: às 12h:30min
OKTOBERFEST|Oktoberfest| FürstBier, Formiga - MG| 15 IBU |5.1% ABV |
FÜRST BRUT IPA [LANÇAMENTO!! ♥]|Brut IPA|| 25 IBU |5.3% ABV |Horário de Abertura: às 12h:30min
FÜRST ENGLISH IPA|English IPA| FürstBier, Formiga - MG| 65 IBU |6.9% ABV |
WEE HEARY|Wee Heavy| FürstBier, Formiga - MG| 35 IBU |8.0% ABV |
BAD COMPANY [SPECIAL SELECTION!! ♥]|Witbier|| 20 IBU |5.1% ABV |Horário de Abertura: às 12h:30min
ADIÓS MR. AMERICAN PIE|Sour Ale | Heroica, São Paulo - SP| 7 IBU |5.5% ABV |
BLACK MILK MIRROR|Milkshake Imperial Porter| Heroica, São Paulo - SP| IBU |8.5% ABV |
EVENT HORIZON|New England IPA| Hocus Pocus, Rio de Janeiro - RJ| IBU |7.0% ABV |
OVERDRIVE - Triple Dry Hopped [LANÇAMENTO!! ♥]|New England Double IPA|| IBU |7.2% ABV |Horário de Abertura: às 14h:30min
SPIRAL ARCHITECT [LANÇAMENTO!! ♥]|New England IPA|| IBU |7.5% ABV |Horário de Abertura: às 12h:00min
PINEAPPLE EXPRESS [LANÇAMENTO!! ♥]|West Coast Double IPA|| IBU |8.5% ABV |Horário de Abertura: às 12h:00min
RABBIT HOLE|Russian Imperial Stout com cacau, aveia, coco, coco torrado e nozes negras| Hocus Pocus, Rio de Janeiro - RJ| IBU |9.5% ABV |
THE STONED APE THEORY [LANÇAMENTO!! ♥]|Russian Imperial Stout com banana|| IBU |12% ABV |Horário de Abertura: às 16h:30min
FLYING MELON|Witbier com Melão| Hop Flyers, Piracicaba - SP| IBU |5.1% ABV |
WHITE WINGS|White IPA com Ponkan| Hop Flyers, Piracicaba - SP| 67 IBU |6.0% ABV |
FREE FLY|American IPA mosaic| Hop Flyers, Piracicaba - SP| 67 IBU |6.3% ABV |
BLANK MIND MONK|Czech Pilsner| Hop Lab, Rio de Janeiro - RJ| 30 IBU |5% ABV |
CO.LAB: HOP WEISS|Hefeweizen| Hop Lab, Rio de Janeiro - RJ| 20 IBU |5.5% ABV |
FIRE IT UP MONK|Rauchbier|| 16 IBU |6.5% ABV |Uma cerveja elegante, maltada e com um acentuado caráter defumado de madeira. Combustão. Fogo.
DEAD SHOT MONK|American IPA| Hop Lab, Rio de Janeiro - RJ| 50 IBU |7.0% ABV |
CAFFEINE KARMA|Sour Ale| Infected Brewing Co., Santos - SP| 9 IBU |4.5% ABV |
VEUVE BRUTALE [LANÇAMENTO!! ♥]|Brut IPA|| 26 IBU |5.9% ABV |Horário de Abertura: às 12h:00min
TROPICAL BLOOD|Berliner Weisse| Infected Brewing Co., Santos - SP| 5 IBU |6.0% ABV |
FUNK TOWN JUICE |New England IPA| Infected Brewing Co., Santos - SP| 46 IBU |6.4% ABV |
WILD BEAST|New England IPA| Infected Brewing Co., Santos - SP| 50 IBU |7.0% ABV |
DARK ENEMY BARREL AGED +++ BRETT [LANÇAMENTO!! ♥]|Belgian Strong Dark Ale|| 33 IBU |10% ABV |Horário de Abertura: às 16h:00min
DARK ENEMY|Belgian Strong Dark Ale| Infected Brewing Co., Santos - SP| 33 IBU |10% ABV |
CONAN|New England IPA| Invicta, Ribeirão Preto - SP| 55 IBU |6.0% ABV |
PUMPKING|Pumpkin Ale | Invicta, Ribeirão Preto - SP| 30 IBU |6.8% ABV |
1000 IBU|Double IPA| Invicta, Ribeirão Preto - SP| 1000 IBU |8.0% ABV |
BOSS|Double IPA| Invicta, Ribeirão Preto - SP| 115 IBU |8.0% ABV |
EL GORDÓN MORANGUITO [LANÇAMENTO!! ♥]|Smooth Berliner Morango|| 19 IBU |4.0% ABV |Horário de Abertura: às 14h:00min
ALUCINACIONES DE SUQUIDEZ|New England APA| Juan Caloto, São Paulo - SP| 35 IBU |5.6% ABV |
QUIERO UNA MÁS, TABERNEIRO|West Coast APA| Juan Caloto, São Paulo - SP| 32 IBU |5.6% ABV |
JUAN CALOTO WILD WEST IPA|American IPA| Juan Caloto, São Paulo - SP| 61 IBU |6.5% ABV |
FACES DE UNA SENSACIÓN|New England IPA| Juan Caloto, São Paulo - SP| 45 IBU |7.0% ABV |
LA REVELACIÓN DE KARINA CRISTINA [LANÇAMENTO!! ♥]|Double NEIPA|| 81 IBU |8.6% ABV |Horário de Abertura: às 12h:00min
MI NOMBRE ÉS VINGANZA|Sour Ale| Juan Caloto, São Paulo - SP| 81 IBU |8.6% ABV |
NO HAY TRAPACIAS CON EL DIABLO - FRAMBOESA E CACAU|Russian Imperial Stout| Juan Caloto, São Paulo - SP| IBU |11.5% ABV |
NO HAY TRAPACIAS CON EL DIABLO - CARVALHO E CAFÉ|Russian Imperial Stout| Juan Caloto, São Paulo - SP| IBU |11.5% ABV |
CARMEN MIRANDA [EXCLUSIVA #SBB2018 ♥]|Sour|| IBU |4.2% ABV |Horário de Abertura: às 13h:45min
PINHEIROS SESSION IPA|Session IPA| Júpiter, São Paulo - SP| 37 IBU |4.2% ABV |
INCA BRUT IPA [EXCLUSIVA #SBB2018 ♥]|Brut IPA|| 25 IBU |5.3% ABV |Horário de Abertura: às 13h:45min
JÚPITER APA|American Pale Ale| Júpiter, São Paulo - SP| 37 IBU |5.4% ABV |
GATO PRETO|Black IPA| Júpiter, São Paulo - SP| 62 IBU |6.3% ABV |
RABO DE GALO |Strong Golden Ale| Júpiter, São Paulo - SP| IBU |8.5% ABV |
QUASÍMODO|American Quadrupel | Júpiter, São Paulo - SP| IBU |16.5% ABV |
JYBÁ WITBIER|Witbier com raspas de limão rosa.| Jybá, Itajubá - MG| 10 IBU |4.9% ABV |
JYBÁ NEW ENGLAND IPA [LANÇAMENTO!! ♥]|New England IPA|| 50 IBU |6.5% ABV |Horário de Abertura: às 12h:45min
JYBÁ DOUBLE IPA|Double IPA| Jybá, Itajubá - MG| 90 IBU |8.5% ABV |
SHORTCUT CIRCUIT|Brut IPA| Koala San Brew, Nova Lima - MG| 40 IBU |6.5% ABV |
DOUBLE FEATURE|Double IPA| Koala San Brew, Nova Lima - MG| 70 IBU |7.5% ABV |
EVOLUTION WORKS|Farmhouse Ale| Koala San Brew, Nova Lima - MG| 3 IBU |8.3% ABV |
LIVIN' THE DREAM|Double New England IPA| Koala San Brew, Nova Lima - MG| 85 IBU |8.5% ABV |
NUCLEAR FUSION|Double New England IPA| Koala San Brew, Nova Lima - MG| 44 IBU |8.8% ABV |
THE TIME IS NOW|Imperia Oud Bruin| Koala San Brew, Nova Lima - MG| 15 IBU |10.5% ABV |
FACILA|Session IPA| Koones Beer, São Paulo -SP| 40 IBU |4.5% ABV |
RUBENA|Red Ale| Koones Beer, São Paulo -SP| 34 IBU |5.8% ABV |
SCÍVOLA|American Ipa com Seriguela| Koones Beer, São Paulo -SP| 65 IBU |6.5% ABV |
MANDARINA LAGER|Lager| Landel, Campinas - SP| 25 IBU |3.5% ABV |
2 HOP LAGER [EXCLUSIVA #SBB2018 ♥]|Lager|| IBU |3.5% ABV |Horário de Abertura: às 13h:00min
LANDEL SESSION AMERICAN IPA|India Session Ale| Landel, Campinas - SP| 40 IBU |4.8% ABV |
AMERICAN WHEAT CARDAMOMO [EXCLUSIVA #SBB2018 ♥]|American Wheat com camomila e cardamomo|| IBU |5.0% ABV |Horário de Abertura: às 13h:00min
CAMOMILA WHEAT|American Wheat| Landel, Campinas - SP| 25 IBU |5.0% ABV |
SESSION RYE IPA DRACHE|Rye IPA| Leuven, Piracicaba - SP| 30 IBU |4.5% ABV |
TREE OF LIFE SOUR|Catharina Sour| Leuven, Piracicaba - SP| IBU |4.5% ABV |
RED ALE KNIGHT|Irish Red Ale| Leuven, Piracicaba - SP| 24 IBU |5.5% ABV |
DARK WOLF [SPECIAL SELECTION!! ♥]|Belgian Quadrupel|| 30 IBU |10% ABV |Horário de Abertura: às 14h:45min
A NOIVA 2 |Gose com Maracujá| Mafiosa, Valinhos - SP| 8 IBU |4.1% ABV |
A NOIVA|American Wheat| Mafiosa, Valinhos - SP| 26 IBU |5.0% ABV |
VENDETTA|New England IPA| Mafiosa, Valinhos - SP| 48 IBU |6.5% ABV |
DON DRINO|American IPA| Mafiosa, Valinhos - SP| 52 IBU |6.9% ABV |
IRREFUTABILE [SPECIAL SELECTION!! ♥]|American Strong Ale|| 70 IBU |9.0% ABV |Horário de Abertura: às 15h:45min
LEAVE THE GUN! TAKE THE CANNOLI [SPECIAL SELECTION!! ♥]|Russian Imperial Stout|| 70 IBU |11% ABV |Horário de Abertura: às 15h:45min
SABRAGE IPA [LANÇAMENTO!! ♥]|Brut IPA|| 25 IBU |6.0% ABV |Horário de Abertura: às 12h:00min
GREEN LUBE IPA|Juicy IPA| Maniba, Novo Hamburgo - RS| 50 IBU |6.9% ABV |
BLACK METAL IPA|Black IPA| Maniba, Novo Hamburgo - RS| 70 IBU |7.2% ABV |
MERCADO NEGRO [SPECIAL SELECTION!! ♥]|Black Sour com Framboesas|| 30 IBU |8.0% ABV |Horário de Abertura: às 15h:45min
INVEJA|Hoppy Sour Ale| Mea Culpa, Cotia - SP| IBU |4.0% ABV |
HUMILDADE|India Session Ale| Mea Culpa, Cotia - SP| 42 IBU |4.2% ABV |
GENEROSIDADE|American IPA| Mea Culpa, Cotia - SP| 60 IBU |6.8% ABV |
CARIDADE|New England IPA| Mea Culpa, Cotia - SP| IBU |7.0% ABV |
LUXÚRIA |Russian Imperial Stout| Mea Culpa, Cotia - SP| 70 IBU |10% ABV |
BELGIUM SOUR NÊSPERA MF [SPECIAL SELECTION!! ♥]|Sour|| IBU |5.0% ABV |Horário de Abertura: Torneiras Giratórias
SAINT PITO MF [SPECIAL SELECTION!! ♥]|American Lager| MF, Gramado - RS| IBU |5.2% ABV |
MF WILD SAISON GOIABA [SPECIAL SELECTION!! ♥]|Saison| MF, Gramado - RS| IBU |5.5% ABV |
PÊSKO LAMBIC MF [SPECIAL SELECTION!! ♥]|Lambic|| IBU |5.5% ABV |Horário de Abertura: Torneiras Giratórias
MF FLANDERS CLASSIC [SPECIAL SELECTION!! ♥]|Flanders Red Ale| MF, Gramado - RS| IBU |5.5% ABV |
MF TRAPPITO FUSION MF [SPECIAL SELECTION!! ♥]|Experimental|| IBU |5.8% ABV |Horário de Abertura: Torneiras Giratórias
DU PETY - MF & COZALINDA [SPECIAL SELECTION!! ♥]|Fruit Lambic| MF, Gramado - RS| IBU |6.0% ABV |
DELICIOUS APA [SPECIAL SELECTION!! ♥]|American Pale Ale|| IBU |6.0% ABV |Horário de Abertura: Torneiras Giratórias
MF BELGIUM PEACH JUICE [SPECIAL SELECTION!! ♥]|India Pale Ale| MF, Gramado - RS| IBU |6.0% ABV |
TANGER IPA [SPECIAL SELECTION!! ♥]|India Pale Ale| MF, Gramado - RS| IBU |6.5% ABV |
PUMPKIN FARMHOUSE MF & ZAPATA [SPECIAL SELECTION!! ♥]|Pumpkin Ale|| IBU |7.5% ABV |Horário de Abertura: Torneiras Giratórias
RIS MF & EVERBREW [SPECIAL SELECTION!! ♥]|Rye Ris|| IBU |12.5% ABV |Horário de Abertura: Torneiras Giratórias
MATA ATLÂNTICA|Saison| MicroX, Brasília - DF| 20 IBU |6.8% ABV |
FREESTATE|American IPA| MicroX, Brasília - DF| 70 IBU |7.0% ABV |
SHADOW PLAY|New England IPA| MicroX, Brasília - DF| 55 IBU |7.0% ABV |
ANGEL DUST|Belgian IPA| MicroX, Brasília - DF| 75 IBU |9.1% ABV |
ONE WAY IPA BATCH 10/18|American IPA| Molinarius, São Paulo - SP| 80 IBU |6.0% ABV |
MOLINARIUS RED IPA [LANÇAMENTO!! ♥]|Red IPA|| 60 IBU |6.0% ABV |Horário de Abertura: às 13h:30min
HOPPINESS #3.0|American IPA| Molinarius, São Paulo - SP| 35 IBU |6.3% ABV |
MOLINARIUS BLACK IPA|Black IPA| Molinarius, São Paulo - SP| 60 IBU |7.0% ABV |
HOPPED BRAIN #2.0|Double IPA| Molinarius, São Paulo - SP| 92 IBU |8.1% ABV |
HOPPED BRAIN #1.0|Double IPA| Molinarius, São Paulo - SP| 72 IBU |8.2% ABV |
HOP ARABICA|American Blond Ale + Café| Morada Cia EtÍlica, Curitiba - PR| 10 IBU |5.0% ABV |
COYOL COCOA CREAM PORTER|Cream Porter| Morada Cia EtÍlica, Curitiba - PR| 28 IBU |5.5% ABV |
CUPUAÇU SOUR|Berliner Weisse| Morada Cia EtÍlica, Curitiba - PR| 7 IBU |5.5% ABV |
ÉPO HIBI|Sidra Artesanal| Morada Cia EtÍlica, Curitiba - PR| 30 IBU |6.4% ABV |
GASOLINE SOUR [SPECIAL SELECTION!! ♥]|Red Flanders Ale|| 30 IBU |6.7% ABV |Horário de Abertura: às 15h:00min
HELL DE JANEIRO|Pilsner| Motim, Rio de Janeiro - RJ| 30 IBU |5.0% ABV |
CANUDOS OAK [SPECIAL SELECTION!! ♥]|Farmhouse Ale|| 22 IBU |7.0% ABV |Horário de Abertura: às 12h:00min
CANUDOS BRASIL AMBURANA [SPECIAL SELECTION!! ♥]|Wood Aged Brett Saison|| 20 IBU |7.0% ABV |Horário de Abertura: às 12h:00min
CANUDOS BRASIL CASTANHEIRA [SPECIAL SELECTION!! ♥]|Wood Aged Brett Saison|| 20 IBU |7.0% ABV |Horário de Abertura: às 12h:00min
SALÉM|Double New England| Motim, Rio de Janeiro - RJ| .7 IBU |9.1% ABV |
KOFE TZAR|Imperial Stout| Motim, Rio de Janeiro - RJ| 68 IBU |10% ABV |
TABLE SOUS LA MER|Table Beer| Narcose, Capão da Canoa - RS| IBU |3.2% ABV |
BRETT SOUR ALE BARREL AGED [LANÇAMENTO!! ♥]|Sour || IBU |5.0% ABV |Horário de Abertura: às 12h:00min
VIN DE LA MAISON [LANÇAMENTO!! ♥]|Specialty Grain || 6 IBU |7.0% ABV |Horário de Abertura: às 13h:30min
NOT SO HEAVY - BARREL AGED BOURBON [LANÇAMENTO!! ♥]|Wee Heavy|| IBU |8.0% ABV |Horário de Abertura: Torneiras Giratórias
NOT SO HEAVY - BARREL AGED PORTO [LANÇAMENTO!! ♥]|Wee Heavy|| IBU |8% ABV |Horário de Abertura: Torneiras Giratórias
NOT SO HEAVY - BARREL AGED PEATED [LANÇAMENTO!! ♥]|Wee Heavy|| IBU |8.0% ABV |Horário de Abertura: Torneiras Giratórias
YELLOW CLOUD|New England APA| Oceânica, Niteroi -RJ| 35 IBU |5.5% ABV |
BRIGHT SPARKS|Brut IPA| Oceânica, Niteroi -RJ| 3 IBU |6.0% ABV |
WILD RUBY|Flanders Red Ale| Oceânica, Niteroi -RJ| 10 IBU |6.0% ABV |
BORN 2 ROCK|Imperial IPA| Oceânica, Niteroi -RJ| 95 IBU |9.0% ABV |
LITTLEFIELD MANGO [LANÇAMENTO!! ♥]|New England IPA|| IBU |6.6% ABV |Horário de Abertura: às 12h:00min
LOCOMOTIVE BRETT|American IPA| Octopus, Rio de Janeiro - RJ| IBU |7.0% ABV |
SONORA|Double New England| Octopus, Rio de Janeiro - RJ| IBU |8.5% ABV |
OLD BLACK [LANÇAMENTO!! ♥]|Imperial Stout em barril de amburana|| IBU |12.5% ABV |Horário de Abertura: às 15h:45min
COFFEE BLOND|Blonde Ale + Café| Odin, Rio de Janeiro - RJ| 14 IBU |5.0% ABV |
ODIN VIENNA|Vienna Lager| Odin, Rio de Janeiro - RJ| IBU |5.5% ABV |
ODIN IPA|American IPA| Odin, Rio de Janeiro - RJ| 45 IBU |6.5% ABV |
ODIN TRIPEL|Belgian Tripel| Odin, Rio de Janeiro - RJ| 22 IBU |7.5% ABV |
PALO SANTO VIKING IMPERIAL STOUT [SPECIAL SELECTION!! ♥]|Russian Imperial Stout|| 55 IBU |40% ABV |Horário de Abertura: às 14h:45min
GRAVIOH -LÀ-LÀ|Berliner Weisse com Graviola| Overhop, Rio de Janeiro - RJ| IBU |4.0% ABV |
GANGSTA|India Session Ale| Overhop, Rio de Janeiro - RJ| 26 IBU |4.5% ABV |
COFFEE CRAVING|New England IPA com café| Overhop, Rio de Janeiro - RJ| 0 IBU |6.5% ABV |
DARK FOREST|Dark Sour com morango, framboesa, cereja e amora| Overhop, Rio de Janeiro - RJ| 5 IBU |7.0% ABV |
AETERNUM #1 [SPECIAL SELECTION!! ♥]|American Imperial Stout com cacau e baunilha|| 70 IBU |10% ABV |Horário de Abertura: às 16h:00min
AETERNUM #2 [SPECIAL SELECTION!! ♥]|American Imperial Stout com avelã, coco e caramelo|| 76 IBU |10% ABV |Horário de Abertura: às 16h:00min
[LANÇAMENTO!! ♥] |Surpresa!| Petra, Petrópolis - RJ| NI IBU |NI ABV |
PETRA WEISS|Bavarian Weissbier| Petra, Petrópolis - RJ| 10 IBU |5.2% ABV |
PETRA KELLER|Keller Bier| Petra, Petrópolis - RJ| 22 IBU |6.0% ABV |
PETRA SCHWARZBIER|Schwarzbier| Petra, Petrópolis - RJ| 18 IBU |6.2% ABV |
AURUM|Dortmund Export| Petra, Petrópolis - RJ| 11 IBU |6.2% ABV |
STARK|Doppelbock| Petra, Petrópolis - RJ| 20 IBU |8.2% ABV |
CABRUCA [SPECIAL SELECTION!! ♥]|Berliner Weisse Cacau|| 5 IBU |3.4% ABV |Horário de Abertura: às 13h:15min
DOM PEDRO II|Czech Pilsner | Pratinha, Ribeirão Preto - SP| 45 IBU |5.0% ABV |
AMBARELLA [SPECIAL SELECTION!! ♥]|Berliner Weisse com Cajá-Manga|| 5 IBU |5.0% ABV |Horário de Abertura: às 13h:15min
BIRUDO|Witbier| Pratinha, Ribeirão Preto - SP| 17 IBU |5.9% ABV |
PRATIPA|English IPA| Pratinha, Ribeirão Preto - SP| 65 IBU |6.0% ABV |
CULOTE DE LA DUCHESSE [SPECIAL SELECTION!! ♥]|Flanders Red Ale|| IBU |6.5% ABV |Horário de Abertura: às 16h:00min
PORTER PORTEIRA E PORTÃO|English Porter| Pratinha, Ribeirão Preto - SP| 20 IBU |7.5% ABV |
TASTES LIKE BIRTHDAY|Milk Stout| Quatro Graus, Rio de Janeiro - RJ| IBU |6.5% ABV |
PASSION IS NEVER TOO MUCH|Fruit Beer| Quatro Graus, Rio de Janeiro - RJ| IBU |7.5% ABV |
CUMARU & CUMARUBOOM|Barley Wine| Quatro Graus, Rio de Janeiro - RJ| IBU |12% ABV |
COFFEA BLACK ANTHRAX|Brazilian Extreme Imperial Stout| Quatro Graus, Rio de Janeiro - RJ| IBU |16% ABV |
MAPLE BLACK ANTHRAX [SPECIAL SELECTION!! ♥]|Brazilian Extreme Imperial Stout|| IBU |16% ABV |Horário de Abertura: às 15h:00min
REDCALL [LANÇAMENTO!! ♥]|Catharina Sour com Morango, hibuscus e hortelã|| 05 IBU |4.0% ABV |Horário de Abertura: às 12h:00min
BARÃO|Irish Red Ale| Quinta do Malte, Socorro -SP| 25 IBU |6.5% ABV |
MAMBA IPA|American IPA | Quinta do Malte, Socorro -SP| 60 IBU |7.0% ABV |
UMBU BRASILIEN WEISSE|Berliner Weisse com umbu| RockBird, Rio de Janeiro - RJ| 6 IBU |3.8% ABV |
ATOMIC WATERMELON|Gose com melancia, hortelã, hibisco e sal marinho| RockBird, Rio de Janeiro - RJ| 8 IBU |4.2% ABV |
SOMA KOMA|Gose com flor de sal marinho e gengibre.| RockBird, Rio de Janeiro - RJ| 7 IBU |4.5% ABV |
REVERBERATOR [SPECIAL SELECTION!! ♥]|Doppelbock|| 19 IBU |9.3% ABV |Horário de Abertura: às 14h:45min
JUDY MANGO|Milkshake IPA| Salvador Brewing Co., Caxias do Sul - RS| IBU |5.9% ABV |
MK2 PIÑA COLADA NE IPA [LANÇAMENTO!! ♥]|New England IPA|| IBU |6.0% ABV |Horário de Abertura: às 12h:00min
P47 [LANÇAMENTO!! ♥]|New England IPA|| IBU |7.3% ABV |Horário de Abertura: às 12h:00min
MACAU HOT STOUT #3 [LANÇAMENTO!! ♥]|Milk Stout|| IBU |9.0% ABV |Horário de Abertura: às 14h:30min
ENGESA OIL BRUNCH STOUT [LANÇAMENTO!! ♥]|Russian Imperial Stout|| IBU |10.5% ABV |Horário de Abertura: às 16h:00min
ENGESA OIL COCONUT EDITION|Russian Imperial Stout| Salvador Brewing Co., Caxias do Sul - RS| IBU |11.3% ABV |
SOUR SAT|Sour mirtilo, amora e framboesas| Satélite, São Paulo - SP| IBU |3.4% ABV |
AAA HOP POWER|American Amber Ale| Satélite, São Paulo - SP| 30 IBU |5.5% ABV |
CRYOSAT P.01|New England IPA| Satélite, São Paulo - SP| 50 IBU |6.0% ABV |
SPACE LAB - MISSION 001 [LANÇAMENTO!! ♥]|Belgian Dark Strong Ale com Rapadura|| IBU |9.5% ABV |Horário de Abertura: às 15h:15min
SCHORNSTEIN SOUR CUPUAÇU|Catharina Sour Cupuaçu| Schornstein, Pomerode - SC| IBU |4.0% ABV |
SCHORNSTEIN PILSEN|Pilsen| Schornstein, Pomerode - SC| 19 IBU |4.5% ABV |
SCHORNSTEIN APA|American Pale Ale| Schornstein, Pomerode - SC| 35 IBU |5.0% ABV |
SCHORNSTEIN IPA|American IPA| Schornstein, Pomerode - SC| 45 IBU |6.5% ABV |
PORTER DA ESPERANÇA|Spiced Beer| Seasons, Porto Alegre - RS| 20 IBU |5.0% ABV |
BASILICOW|Witbier com Manjericão| Seasons, Porto Alegre - RS| 16 IBU |5.0% ABV |
WALLACE|American Amber Ale| Seasons, Porto Alegre - RS| 35 IBU |5.8% ABV |
GREEN COW|American IPA| Seasons, Porto Alegre - RS| 62 IBU |6.2% ABV |
CAMBUÇA BLANCHE|Witbier| Suméria, São Paulo - SP| IBU |4.2% ABV |
ANGRY NUTS|IPA com avelã| Suméria, São Paulo - SP| 59 IBU |5.4% ABV |
OLIVIA IPALITO NATAL|American IPA | Suméria, São Paulo - SP| 59 IBU |5.4% ABV |
GOIABINHA|Gose com goiaba e hibiscus| Suricato Ales, Porto Alegre - RS| 4 IBU |4.0% ABV |
CAJUMINADO|Milkshake IPA + Caju| Suricato Ales, Porto Alegre - RS| 60 IBU |5.5% ABV |
PINOCCHIO|Sour Pumpkin Ale| Suricato Ales, Porto Alegre - RS| 8 IBU |6.8% ABV |
SEAL THE DEAL|Double IPA| Suricato Ales, Porto Alegre - RS| 72 IBU |8.2% ABV |
SNOW WIT|Witbier| Synergy, Sorocaba - SP| 13 IBU |4.6% ABV |
BLAST IT UP|New England APA| Synergy, Sorocaba - SP| 30 IBU |5.2% ABV |
XPRESSO VANILLA|Oatmeal Coffee Stout| Synergy, Sorocaba - SP| 34 IBU |6.0% ABV |
HOP IT UP|New England IPA| Synergy, Sorocaba - SP| 55 IBU |7.4% ABV |
OVERBATCH VANILLA [LANÇAMENTO!! ♥]|Russian Imperial Stout|| 50 IBU |12% ABV |Horário de Abertura: às 15h:30min
FLORA BÁLSAMO [EXCLUSIVA #SBB2018 ♥]|Saison|| 25 IBU |5.4% ABV |Horário de Abertura: às 12h:00min
LENHA|American Pale Ale| Tábuas, Campinas - SP| 35 IBU |5.5% ABV |
ESTACA|American IPA| Tábuas, Campinas - SP| 50 IBU |6.4% ABV |
CIPÓ [LANÇAMENTO!! ♥]|New England IPA + Madeira Amburana|| 60 IBU |7.6% ABV |Horário de Abertura: às 12h:00min
SERROTE WHITE OAK [EXCLUSIVA #SBB2018 ♥]|Double IPA + Carvalho|| 75 IBU |8.2% ABV |Horário de Abertura: às 13h:30min
BRASA MAPLE [EXCLUSIVA #SBB2018 ♥]|Russian Imperial Stout + Nibs Cacau + Cumaru + Laranja + Maple|| 50 IBU |11.3% ABV |Horário de Abertura: às 15h:00min
BRASA|Russian Imperial Stout| Tábuas, Campinas - SP| 50 IBU |11.3% ABV |
HOP IS THE NEW HOP|India Pale Kölsch| Thirsty Hawks Farm Brewery, Rio de Janeiro - RJ| 47 IBU |6.0% ABV |
BRIAC Bordeaux Barrel Aged|Flanders Red Ale| Thirsty Hawks Farm Brewery, Rio de Janeiro - RJ| 16 IBU |6.2% ABV |
GINGA DE LA BOE [SPECIAL SELECTION!! ♥]|Wood Gin Barrel Aged|| 20 IBU |6.4% ABV |Horário de Abertura: às 15h:15min
BRUT BELIEF|Brut IPA| Thirsty Hawks Farm Brewery, Rio de Janeiro - RJ| 20 IBU |6.5% ABV |
OLD BOGDAN|Quadrupel Sour Barrel Aged| Thirsty Hawks Farm Brewery, Rio de Janeiro - RJ| 35 IBU |9.0% ABV |
AM:PM|India Session Ale| Thornbridge, Derbyshire - Reino Unido| IBU |4.5% ABV |
JAIPUR|English IPA| Thornbridge, Derbyshire - Reino Unido| 55 IBU |5.9% ABV |
COCOA WONDERLAND|Porter| Thornbridge, Derbyshire - Reino Unido| IBU |6.8% ABV |
HALCYON|Double IPA| Thornbridge, Derbyshire - Reino Unido| 70 IBU |7.4% ABV |
GAZPACHO|Gose com tomate e picles de pepino| Three Monkeys Beer, Rio de Janeiro - RJ| 8 IBU |4.8% ABV |
COOL LAGER|American Light Lager| Three Monkeys Beer, Rio de Janeiro - RJ| 14 IBU |5.0% ABV |
CLASSIC IPA|American IPA| Three Monkeys Beer, Rio de Janeiro - RJ| 45 IBU |6.0% ABV |
HOP DUST SHOCK|New England IPA| Three Monkeys Beer, Rio de Janeiro - RJ| 55 IBU |7.0% ABV |
PARANOID [SPECIAL SELECTION!! ♥]|Russian Imperial Stout|| 33 IBU |12% ABV |Horário de Abertura: às 16h:30min
MAMANGAVA FRENCH OAK|Sour Ale| Trilha , São Paulo - SP| IBU |5.3% ABV |
MELONRISE|Juicy IPA| Trilha , São Paulo - SP| IBU |7.0% ABV |
MAURO EXPLICA|Dark Sour Barrel Aged| Trilha , São Paulo - SP| IBU |7.8% ABV |
GORILLA SLOW BREW [EXCLUSIVA #SBB2018 ♥]|Russian Imperial Stout|| IBU |11.5% ABV |Horário de Abertura: às 16h:30min
GORILLA MORANGO FRENCH OAK|Russian Imperial Stout| Trilha , São Paulo - SP| IBU |12% ABV |
GORILLA PISTACHE|Russian Imperial Stout| Trilha , São Paulo - SP| IBU |12% ABV |
MAGMA|Russian Imperial Stout| Trilha , São Paulo - SP| IBU |12.1% ABV |
TRETA|Berliner Weisse com morango, amora e goiaba| Urbana, São Paulo - SP| IBU |4.0% ABV |
URBANA KRIEK|Kriek Cereja| Urbana, São Paulo - SP| IBU |7.5% ABV |
CUMARU RIS BARREL AGED SPANISH BRANDY|Russian Imperial Stout| Urbana, São Paulo - SP| IBU |12% ABV |
NÃO É BOLO DE ROLO [SPECIAL SELECTION!! ♥]|Russian Imperial Stout com baunilha e goiaba|| IBU |12% ABV |Horário de Abertura: às 15h:30min
W*KATTZ SMOKED IPA|English IPA| W-Kattz, Rio de Janeiro - RJ| 8 IBU |5.0% ABV |
EL DORADO [SPECIAL SELECTION!! ♥]|Brut IPA|| IBU |6.5% ABV |Horário de Abertura: às 13h:00min
W*KATTZ SAISON|Saison| W-Kattz, Rio de Janeiro - RJ| 28 IBU |6.8% ABV |
SETE VIDAS|Rye IPA| W-Kattz, Rio de Janeiro - RJ| 70 IBU |7.0% ABV |
URTYP|German Helles| Weltenburger Kloster, Baviera - Alemanha| 20 IBU |4.9% ABV |
HEFE DUNKEL WEIZEN|Dunkel| Weltenburger Kloster, Baviera - Alemanha| 12 IBU |5.3% ABV |
ANNO 1050|German Märzen| Weltenburger Kloster, Baviera - Alemanha| 24 IBU |5.5% ABV |
2 CABEÇAS + ZALAZ|Gose com maracujá e pimenta| Zalaz, Paraisópolis - MG| 6 IBU |4.5% ABV |
PASSIFLORA|Sour Ale| Zalaz, Paraisópolis - MG| 19 IBU |5.0% ABV |
YBYRÁ ARACÊ BARREL AGED|Farmhouse Ale| Zalaz, Paraisópolis - MG| 20 IBU |6.6% ABV |
YBYRÁ AJUCÁ BARREL AGED [LANÇAMENTO!! ♥]|Farmhouse Ale || 27 IBU |6.9% ABV |Horário de Abertura: às 15h:30min
FLOR DE BANANEIRA|Weizenbock| Zalaz, Paraisópolis - MG| 30 IBU |8.5% ABV |
DOGMA + ZALAZ|Wee Heavy com doce de figo| Zalaz, Paraisópolis - MG| 20 IBU |8.8% ABV |